id_stacji,stacja,rzeka,województwo,stan_wody,stan_wody_data_pomiaru,temperatura_wody,temperatura_wody_data_pomiaru,zjawisko_lodowe,zjawisko_lodowe_data_pomiaru,zjawisko_zarastania,zjawisko_zarastania_data_pomiaru
151140030,Przewoźniki,Skroda,lubuskie,3383,"2017-11-20 06:10:00",,,0,"2017-10-24 09:08:00",0,"2017-09-11 08:58:00"
153190040,Bągart,Dzierzgoń,pomorskie,712,"2017-11-25 13:10:00",,,,,0,"2017-10-31 10:00:00"
149210120,Godowa,Stobnica,podkarpackie,608,"2017-11-25 13:10:00",,,0,"2017-09-18 09:00:00",,
154190080,Żukowo,"Jez. Drużno",warmińsko-mazurskie,581,"2017-11-25 13:10:00",5.4,"2017-11-25 13:10:00",,,,
154180220,"Gdańska Głowa",Wisła,pomorskie,623,"2017-11-25 13:10:00",,,,,0,"2017-09-07 07:56:00"
154190050,"Nowe Batorowo","Zalew Wiślany",warmińsko-mazurskie,554,"2017-11-25 13:10:00",5.6,"2017-11-25 13:10:00",,,,
154180210,"Ujście Wisły",Wisła,pomorskie,551,"2017-11-25 13:10:00",10.8,"2017-11-25 13:10:00",,,,
154180190,Przegalina,Wisła,pomorskie,580,"2017-11-25 13:00:00",,,,,,
154190060,Elbląg,Elbląg,warmińsko-mazurskie,555,"2017-11-25 13:10:00",,,,,,
154180200,Świbno,Wisła,pomorskie,555,"2017-11-25 13:10:00",,,,,,
153140190,"Regalica Szczecin",Regalica,zachodniopomorskie,558,"2017-11-25 13:10:00",5,"2017-11-25 13:10:00",,,,
154160150,Darłowo,Wieprza,zachodniopomorskie,533,"2017-11-25 13:10:00",6.1,"2017-11-25 13:10:00",,,,
154180100,Władysławowo,Bałtyk,pomorskie,537,"2017-11-25 13:10:00",6.33,"2017-11-25 13:10:00",,,,
154190020,Tujsk,Szkarpawa,pomorskie,550,"2017-11-25 13:10:00",,,,,0,"2017-11-24 10:57:00"
153140020,Widuchowa,Odra,zachodniopomorskie,587,"2017-11-25 13:10:00",6.17,"2017-11-25 13:10:00",0,"2017-11-03 07:57:00",0,"2017-07-12 07:08:00"
154160110,Ustka,Bałtyk,pomorskie,536,"2017-11-25 13:10:00",6.38,"2017-11-25 13:10:00",,,0,"2017-07-10 10:32:00"
154190090,Tolkmicko,"Zalew Wiślany",warmińsko-mazurskie,541,"2017-11-25 13:10:00",4.7,"2017-11-25 13:10:00",0,"2017-09-12 10:00:00",0,"2017-10-19 09:07:00"
153180120,Hel,Bałtyk,pomorskie,535,"2017-11-25 13:10:00",7.89,"2017-11-25 13:10:00",0,"2017-09-12 12:10:00",,
153140030,Gryfino,Odra,zachodniopomorskie,559,"2017-11-25 13:10:00",6.26,"2017-11-25 13:10:00",0,"2017-11-03 09:06:00",0,"2017-08-03 10:13:00"
154180140,Gdańsk,-,pomorskie,537,"2017-11-25 13:10:00",7.71,"2017-11-25 13:10:00",,,0,"2017-09-09 08:10:00"
154180180,"Suchy Dąb",Bielawa,pomorskie,542,"2017-11-25 01:10:00",,,,,,
153230130,Harasimowicze,Sidra,podlaskie,529,"2017-11-25 13:10:00",,,,,201,"2017-09-08 11:07:00"
154170100,Łeba,Bałtyk,pomorskie,532,"2017-11-25 13:10:00",4.6,"2017-11-25 13:10:00",,,0,"2017-11-17 12:05:00"
154180160,Sobieszewo,"Martwa Wisła",pomorskie,536,"2017-11-25 13:10:00",6.1,"2017-11-25 13:10:00",,,,
153140050,Szczecin,Odra,zachodniopomorskie,547,"2017-11-25 13:10:00",5.7,"2017-11-25 13:10:00",,,,
154190030,Osłonka,"Zalew Wiślany",pomorskie,548,"2017-11-25 13:10:00",11.8,"2017-11-25 13:10:00",,,,
154180120,Gdynia,Bałtyk,pomorskie,533,"2017-11-25 13:10:00",6.5,"2017-11-25 13:10:00",,,0,"2017-10-25 09:57:00"
154190040,"Dolna Kępa",Nogat,warmińsko-mazurskie,543,"2017-11-25 13:10:00",,,0,"2017-08-08 11:10:00",,
154150030,Kołobrzeg,Bałtyk,zachodniopomorskie,533,"2017-11-25 13:10:00",5.96,"2017-11-25 13:10:00",,,,
154190010,"Nowy Dwór Gdański",Święta,pomorskie,549,"2017-11-25 13:10:00",,,,,,
154180090,Puck,"Zatoka Pucka",pomorskie,537,"2017-11-25 13:10:00",4.93,"2017-11-25 13:10:00",0,"2017-11-15 10:10:00",0,"2017-08-24 08:00:00"
153140010,Świnoujście,"Zatoka Pomorska (ujście Świny)",zachodniopomorskie,538,"2017-11-25 13:10:00",6.06,"2017-11-25 13:10:00",,,,
153140070,Dziwnów,Dziwna,zachodniopomorskie,536,"2017-11-25 13:10:00",,,0,"2017-11-15 10:00:00",0,"2017-11-15 10:00:00"
153140040,Trzebież,"Zalew Szczeciński",zachodniopomorskie,538,"2017-11-25 13:10:00",,,,,,
153140060,Wolin,Dziwna,zachodniopomorskie,534,"2017-11-25 13:10:00",5.1,"2017-11-25 13:10:00",0,"2017-11-15 11:00:00",,
154190130,"Nowa Pasłęka","Zalew Wiślany",warmińsko-mazurskie,,,5,"2017-11-25 13:10:00",,,0,"2017-06-30 12:35:00"
154170090,Izbica,"Jez. Łebsko",pomorskie,543,"2017-11-25 13:10:00",8,"2017-11-25 13:10:00",,,,
154180170,Wiślina,Motława,pomorskie,511,"2017-11-25 13:10:00",,,,,,
153190170,Ostróda,"Jez. Drwęckie",warmińsko-mazurskie,492,"2017-11-25 13:10:00",,,,,,
154190150,Pierzchały,"Jez. Pierzchalskie; Pasłęka",warmińsko-mazurskie,397,"2017-11-25 13:10:00",,,,,,
154170190,Borucino,"Jez. Raduńskie Górne",pomorskie,499,"2017-11-25 13:10:00",,,,,,
154190100,Pasłęk,Wąska,warmińsko-mazurskie,477,"2017-11-25 13:10:00",,,,,0,"2017-10-23 10:01:00"
151180130,Działoszyn,Warta,łódzkie,467,"2017-11-25 13:10:00",8.8,"2017-11-25 13:10:00",,,0,"2017-11-03 08:06:00"
150170290,"Opole - Groszowice",Odra,opolskie,408,"2017-11-25 13:10:00",,,,,0,"2017-09-25 09:00:00"
149190070,Łodygowice,Żylica,śląskie,389,"2017-11-25 13:00:00",,,,,,
153210140,Szkwa,Szkwa,mazowieckie,409,"2017-11-25 13:10:00",,,,,220,"2017-08-02 10:58:00"
153220160,"Osowiec 2","Ełk (Kanał Rudzki)",podlaskie,461,"2017-11-25 13:10:00",,,,,0,"2017-11-07 13:05:00"
153220270,Babino,Narew,podlaskie,466,"2017-11-25 13:10:00",,,,,0,"2017-11-24 11:56:00"
152230120,"Bondary - Siemianówka","Zb Siemianówka",podlaskie,342,"2017-11-25 13:10:00",,,,,0,"2017-11-23 11:01:00"
152230040,Ploski,Narew,podlaskie,339,"2017-11-25 13:10:00",,,,,100,"2017-10-27 09:08:00"
150150010,Mirsk,Kwisa,dolnośląskie,361,"2017-11-25 13:10:00",,,0,"2017-09-12 09:00:00",,
153150050,Resko,Rega,zachodniopomorskie,383,"2017-11-25 13:10:00",,,0,"2017-11-22 23:00:00",100,"2017-10-17 23:00:00"
151170030,Trestno,Odra,dolnośląskie,331,"2017-11-25 13:10:00",5.85,"2017-11-25 13:10:00",,,0,"2017-09-29 09:00:00"
151230010,Trawniki,Wieprz,lubelskie,329,"2017-11-25 13:10:00",4.8,"2017-11-25 13:10:00",,,,
152150110,Skwierzyna,Warta,lubuskie,379,"2017-11-25 13:10:00",0,"2017-07-12 09:40:00",0,"2017-11-09 08:03:00",0,"2017-11-10 14:10:00"
154180150,Tczew,Wisła,pomorskie,517,"2017-11-25 13:10:00",5.4,"2017-11-25 13:10:00",,,0,"2017-10-11 11:57:00"
149220140,Polana,Czarny,podkarpackie,315,"2017-11-25 13:10:00",,,,,0,"2017-09-22 08:11:00"
152150270,Zbąszyń,"jez. Błędno",wielkopolskie,346,"2017-11-25 13:10:00",8.2,"2017-11-25 13:10:00",,,,
154180260,"Pruszcz Gdański_kanał","Kanał Raduni",pomorskie,230,"2017-11-25 13:10:00",4.4,"2017-11-23 10:10:00",,,,
152180160,Konin-Morzysław,"Kanał Ślesiński",wielkopolskie,423,"2017-11-25 13:10:00",,,,,,
152200110,Modlin,Wisła,mazowieckie,424,"2017-11-25 13:10:00",,,0,"2017-09-29 08:00:00",0,"2017-11-09 11:07:00"
152200030,Wyszogród,Wisła,mazowieckie,395,"2017-11-25 13:10:00",,,0,"2017-11-12 06:00:00",0,"2017-11-16 13:02:00"
152200150,Wychódźc,Wisła,mazowieckie,402,"2017-11-25 13:10:00",4.3,"2017-11-25 13:10:00",,,,
150200070,Biskupice,Szreniawa,małopolskie,330,"2017-11-25 13:10:00",,,,,,
150180030,Koźle,Odra,opolskie,289,"2017-11-25 13:10:00",6.79,"2017-11-25 13:10:00",,,1,"2017-08-22 11:00:00"
150210030,Mocha,Łagowica,świętokrzyskie,308,"2017-11-25 13:10:00",,,,,,
150180160,"Pyskowice Dzierżno",Drama,śląskie,302,"2017-11-25 13:10:00",,,0,"2017-10-31 09:00:00",1,"2017-10-31 09:00:00"
150180150,"Pyskowice Dzierżno",Kłodnica,śląskie,303,"2017-11-25 13:10:00",,,,,,
149220110,Kalnica,Wetlina,podkarpackie,301,"2017-11-25 13:10:00",,,,,0,"2017-07-07 10:07:00"
151220080,Tchórzew,Tyśmienica,lubelskie,242,"2017-11-25 13:10:00",,,,,311,"2017-08-28 10:05:00"
150240010,Strzyżów,Bug,lubelskie,341,"2017-11-25 13:10:00",,,,,0,"2017-10-24 12:05:00"
154190160,Pierzchały,"Jez. Pierzchalskie; Pasłęka",warmińsko-mazurskie,393,"2017-11-25 13:10:00",4,"2017-11-25 13:10:00",,,,
150180280,"Rybnik Gotartowice",Ruda,śląskie,290,"2017-11-25 13:00:00",7.1,"2017-11-25 13:00:00",,,,
149210090,Krempna-Kotań,Wisłoka,podkarpackie,289,"2017-11-25 13:10:00",,,0,"2017-09-25 09:04:00",,
150230040,Krasnystaw,Wieprz,lubelskie,312,"2017-11-25 13:10:00",,,0,"2017-09-07 08:00:00",0,"2017-09-07 08:00:00"
153220090,Czachy,Wissa,podlaskie,274,"2017-11-25 13:10:00",,,,,0,"2017-11-07 08:06:00"
153170100,Nakło-Zachód,Noteć,kujawsko-pomorskie,275,"2017-11-25 13:10:00",,,,,0,"2017-11-23 13:10:00"
153220180,Zawady,Ślina,podlaskie,272,"2017-11-25 13:10:00",,,,,0,"2017-11-24 10:56:00"
152180050,Sławsk,Warta,wielkopolskie,275,"2017-08-10 07:10:00",6.2,"2017-11-25 13:10:00",0,"2017-08-01 08:08:00",,
152140020,Gozdowice,Odra,zachodniopomorskie,411,"2017-11-25 13:10:00",,,,,0,"2017-10-11 09:57:00"
152150010,Świerkocin,Warta,lubuskie,442,"2017-11-25 13:10:00",,,,,,
150170130,"Ujście Nysy Kłodzkiej",Odra,opolskie,266,"2017-11-25 13:10:00",5.85,"2017-11-25 13:10:00",0,"2017-11-08 11:00:00",0,"2017-11-08 11:00:00"
151190080,Kłudzice,Luciąża,łódzkie,299,"2017-11-25 13:10:00",,,,,0,"2017-10-24 11:10:00"
152140010,Bielinek,Odra,zachodniopomorskie,436,"2017-11-25 13:10:00",,,,,0,"2017-10-11 09:09:00"
152150080,"Santok 2",Warta,lubuskie,444,"2017-11-25 13:10:00",,,,,0,"2017-09-13 06:08:00"
150190350,Januszewice,Czarna,świętokrzyskie,355,"2017-11-25 13:10:00",,,,,0,"2017-08-03 10:05:00"
153230060,Zawady,Biała,podlaskie,248,"2017-11-25 13:10:00",,,,,,
150190160,Oświęcim,Soła,małopolskie,268,"2017-11-25 13:00:00",,,,,0,"2017-09-20 11:02:00"
150190310,Balice,Rudawa,małopolskie,249,"2017-11-25 13:10:00",,,,,0,"2017-10-09 08:06:00"
149210040,Łabuzie,Wisłoka,podkarpackie,295,"2017-11-25 13:10:00",5.1,"2017-11-25 13:10:00",0,"2017-10-09 08:00:00",,
152150020,"Stary Raduszec",Bóbr,lubuskie,362,"2017-11-25 13:10:00",,,,,0,"2017-10-19 11:10:00"
152230200,Zabuże,Bug,mazowieckie,306,"2017-11-25 13:10:00",4.9,"2017-11-25 13:10:00",,,,
152200010,Kęszyce,Rawka,łódzkie,297,"2017-11-25 13:10:00",,,,,200,"2017-09-27 14:59:00"
151190120,Dąbrowa,Czarna,łódzkie,307,"2017-11-25 13:10:00",,,,,0,"2017-10-24 10:00:00"
150150090,Łomnica,Łomnica,dolnośląskie,260,"2017-11-25 13:10:00",,,0,"2017-10-19 08:00:00",100,"2017-07-06 07:35:00"
153220170,Osowiec,Biebrza,podlaskie,411,"2017-11-25 13:10:00",,,,,100,"2017-10-11 06:04:00"
154150040,Bardy,Parsęta,zachodniopomorskie,365,"2017-11-25 13:10:00",6,"2017-11-25 13:10:00",,,,
150210210,Radomysl,San,podkarpackie,303,"2017-11-25 13:00:00",,,,,,
150170120,Niemodlin,"Ścinawa Niemodlińska",opolskie,236,"2017-11-25 13:10:00",6.27,"2017-11-25 13:10:00",0,"2017-10-27 09:10:00",2,"2017-10-27 09:10:00"
152210150,Popowo,"Zb. Dębe",mazowieckie,289,"2017-11-25 13:10:00",4.4,"2017-11-25 13:10:00",,,,
149190060,Jawiszowice,Wisła,małopolskie,366,"2017-11-25 13:00:00",4.1,"2017-11-25 13:00:00",,,,
150220070,Rzuchów,San,podkarpackie,324,"2017-11-25 13:10:00",,,,,0,"2017-10-13 08:08:00"
152190100,Bielawy,Mroga,łódzkie,289,"2017-11-25 13:10:00",,,,,,
151150080,Żagań,Bóbr,lubuskie,,,,,0,"2017-07-06 11:02:00",0,"2017-08-17 11:10:00"
149200090,Dobczyce,Raba,małopolskie,246,"2017-11-25 13:10:00",,,,,,
152150040,"Gorzów Wielkopolski",Warta,lubuskie,420,"2017-11-25 13:10:00",,,,,0,"2017-08-09 14:00:00"
150210190,Zawichost,Wisła,świętokrzyskie,333,"2017-11-25 13:10:00",7.5,"2017-11-25 13:10:00",,,,
149200140,"Sromowce Wyżne",Dunajec,małopolskie,216,"2017-11-25 13:10:00",,,0,"2017-10-18 10:04:00",,
150210080,"Nietulisko Duże",Kamienna,świętokrzyskie,246,"2017-11-25 13:10:00",,,,,0,"2017-09-28 14:12:00"
149210110,Krosno,Wisłok,podkarpackie,223,"2017-11-25 13:10:00",,,0,"2017-11-06 08:08:00",,
149180230,Podkępie,Wapienica,śląskie,238,"2017-11-25 13:10:00",,,,,,
153220230,"Kulesze Chobotki",Nereśl,podlaskie,192,"2017-11-25 13:10:00",,,,,,
153180080,Chełmno,Wisła,kujawsko-pomorskie,381,"2017-11-25 13:10:00",6.8,"2017-11-25 13:10:00",,,0,"2017-09-27 08:04:00"
150190170,Pustynia,Wisła,małopolskie,229,"2017-11-25 13:10:00",6.05,"2017-11-25 13:00:00",,,0,"2017-07-03 08:40:00"
151170050,Zbytowa,Widawa,dolnośląskie,298,"2017-11-25 13:10:00",6.2,"2017-11-25 13:10:00",,,,
152230110,"Bondary - Siemianówka","Zb Siemianówka",podlaskie,305,"2017-11-25 13:10:00",,,,,0,"2017-11-23 11:01:00"
150170240,Krapkowice,Odra,opolskie,227,"2017-11-25 13:10:00",,,,,,
150140030,Turoszów,Miedzianka,dolnośląskie,,,8.04,"2017-11-25 13:10:00",0,"2017-11-21 08:10:00",,
150210180,Annopol,Wisła,lubelskie,291,"2017-11-25 13:10:00",,,,,0,"2017-11-07 11:00:00"
149200110,"Trybsz 2",Białka,małopolskie,212,"2017-11-25 13:10:00",,,0,"2017-08-30 11:12:00",,
153210190,Pisz,Pisa,warmińsko-mazurskie,250,"2017-11-25 13:10:00",,,,,110,"2017-10-05 09:08:00"
152180170,Popowo,"Zb. Gopło",kujawsko-pomorskie,244,"2017-11-25 13:10:00",,,,,,
150200020,Bocheniec,"Wierna Rzeka",świętokrzyskie,270,"2017-11-25 13:10:00",,,,,111,"2017-08-21 10:07:00"
149200170,Proszówki,Raba,małopolskie,243,"2017-11-25 13:10:00",,,,,,
149200310,Grybów,Biała,małopolskie,231,"2017-11-25 13:10:00",,,,,,
149210140,Iskrzynia,Morwawa,podkarpackie,228,"2017-11-25 13:10:00",,,0,"2017-11-06 09:10:00",,
153160210,Ptusza,Gwda,wielkopolskie,235,"2017-11-25 13:10:00",5,"2017-11-25 13:10:00",0,"2017-09-20 10:02:00",,
154210100,Mieduniszki,Węgorapa,warmińsko-mazurskie,326,"2017-11-25 13:10:00",,,,,211,"2017-08-23 14:04:00"
150160040,"Kudowa Zdrój-Zakrze",Klikawa,dolnośląskie,231,"2017-11-25 13:10:00",6,"2017-11-25 13:10:00",,,0,"2017-11-22 10:11:00"
153200090,Szypry,"Jez. Wadąg",warmińsko-mazurskie,250,"2017-11-25 13:10:00",,,,,0,"2017-11-21 08:03:00"
153180100,Grudziądz,Wisła,kujawsko-pomorskie,381,"2017-11-25 13:10:00",,,,,,
151190090,Przedbórz,Pilica,łódzkie,277,"2017-11-25 13:10:00",,,,,0,"2017-10-23 07:59:00"
149180220,Pszczyna,Pszczynka,śląskie,217,"2017-11-25 13:10:00",,,0,"2017-09-26 07:00:00",201,"2017-09-26 07:00:00"
154210070,Węgorzewo,Węgorapa,warmińsko-mazurskie,206,"2017-11-25 13:10:00",,,,,,
152170080,Pyzdry,Warta,wielkopolskie,368,"2017-11-25 13:10:00",,,,,,
153170140,Smukała,Brda,kujawsko-pomorskie,197,"2017-11-25 13:10:00",6.4,"2017-11-25 13:10:00",,,,
152160070,Czarnków,Noteć,wielkopolskie,268,"2017-11-25 13:10:00",8.1,"2017-11-25 13:10:00",,,,
153220190,"Rajgród 2",Jez.Rajgrodzkie,podlaskie,233,"2017-11-25 13:10:00",,,,,0,"2017-09-11 09:00:00"
150210200,Grębów,Łęg,podkarpackie,261,"2017-11-25 13:00:00",,,,,,
152180120,Koło,Warta,wielkopolskie,314,"2017-11-25 13:10:00",11.4,"2017-11-25 13:10:00",,,0,"2017-10-17 08:00:00"
153170010,Białośliwie,Noteć,wielkopolskie,289,"2017-11-25 13:10:00",,,,,100,"2017-08-24 12:00:00"
153220140,Przechody,"Ełk (Kanał.Rudzki)",podlaskie,319,"2017-11-25 13:10:00",,,,,100,"2017-10-11 14:04:00"
149200260,"Nowy Sącz 1",Łubinka,małopolskie,212,"2017-11-25 13:10:00",4.7,"2017-11-25 13:10:00",,,,
153160170,Ujście,Noteć,wielkopolskie,279,"2017-11-25 13:10:00",,,,,0,"2017-11-24 10:10:00"
152210090,Wyszków,Bug,mazowieckie,286,"2017-11-25 13:10:00",7.5,"2017-11-25 13:10:00",0,"2017-10-30 12:00:00",0,"2017-10-30 12:00:00"
149190100,Żywiec,Soła,śląskie,222,"2017-11-25 13:10:00",5.07,"2017-11-25 13:10:00",,,0,"2017-07-11 06:40:00"
149190050,Rajcza,Soła,śląskie,216,"2017-11-25 13:00:00",,,,,,
152150140,Gościmiec,Noteć,lubuskie,348,"2017-11-25 13:10:00",,,,,0,"2017-08-31 13:11:00"
153220070,Wizna,Narew,podlaskie,441,"2017-11-25 13:10:00",,,0,"2017-11-14 09:07:00",0,"2017-09-19 15:11:00"
152190120,"Kępa Polska",Wisła,mazowieckie,332,"2017-11-25 13:10:00",,,0,"2017-11-12 06:00:00",0,"2017-08-24 09:57:00"
152230070,"Malowa Góra",Krzna,lubelskie,285,"2017-11-25 13:10:00",,,,,100,"2017-10-12 06:57:00"
152140070,"Kostrzyn n. Odrą",Warta,lubuskie,369,"2017-11-25 13:10:00",5.9,"2017-11-25 13:10:00",,,0,"2017-09-18 08:10:00"
153220260,Dębowo,Biebrza,podlaskie,254,"2017-11-25 13:10:00",,,,,100,"2017-10-23 09:58:00"
154160070,"Stary Kraków",Wieprza,zachodniopomorskie,326,"2017-11-25 13:10:00",6.24,"2017-11-25 13:10:00",,,100,"2017-09-11 09:59:00"
149190350,Krzczonów,Krzczonówka,małopolskie,204,"2017-11-25 13:10:00",5.8,"2017-11-25 13:10:00",,,0,"2017-11-07 08:00:00"
150220080,Tryńcza,Wisłok,podkarpackie,266,"2017-11-25 13:00:00",,,,,,
151220090,Lubartów,Wieprz,lubelskie,220,"2017-11-25 13:10:00",,,,,0,"2017-10-19 12:00:00"
152180030,Pakość,Noteć,kujawsko-pomorskie,216,"2017-11-25 13:10:00",8.7,"2017-11-25 13:10:00",,,100,"2017-07-05 08:40:00"
149200160,Krościenko,Dunajec,małopolskie,196,"2017-11-25 13:10:00",,,,,,
154210080,Prynowo,Węgorapa,warmińsko-mazurskie,187,"2017-11-25 13:10:00",,,,,,
150190100,Niwka,"Biała Przemsza",śląskie,200,"2017-11-25 13:10:00",,,,,,
150170040,Oława,Odra,dolnośląskie,268,"2017-11-25 13:10:00",6.3,"2017-11-25 13:10:00",,,0,"2017-11-15 09:00:00"
152200020,Trzciniec,Wkra,mazowieckie,292,"2017-11-25 13:00:00",,,,,111,"2017-08-11 06:00:00"
151160060,Głogów,Odra,dolnośląskie,345,"2017-11-25 13:10:00",5.8,"2017-11-25 13:10:00",0,"2017-08-03 11:05:00",,
149180250,"Czechowice Dziedzice",Iłownica,śląskie,213,"2017-11-25 13:10:00",,,,,,
152170010,Śrem,Warta,wielkopolskie,371,"2017-11-25 13:10:00",,,,,0,"2017-11-21 11:00:00"
149190120,"Czaniec (Kobiernice)",Soła,śląskie,186,"2017-11-25 13:00:00",,,,,,
153180110,"Brody Pomorskie",Wierzyca,pomorskie,280,"2017-11-25 13:10:00",,,,,0,"2017-10-31 12:59:00"
150160270,"Kamieniec Ząbkowicki",Budzówka,dolnośląskie,192,"2017-11-25 13:10:00",6.7,"2017-11-25 13:10:00",,,1,"2017-07-03 12:03:00"
152210040,"Warszawa - Nadwilanówka",Wisła,mazowieckie,289,"2017-11-25 13:00:00",6.1,"2017-11-25 13:00:00",0,"2017-07-11 09:07:00",,
150200090,Slowik,Bobrza,świętokrzyskie,213,"2017-11-25 13:10:00",,,,,0,"2017-10-03 10:05:00"
150200170,Żabno,Dunajec,małopolskie,199,"2017-11-25 13:10:00",6.1,"2017-11-25 13:10:00",,,,
149220060,Lesko,San,podkarpackie,202,"2017-11-25 13:10:00",,,,,0,"2017-08-25 12:05:00"
154220010,"Banie Mazurskie",Gołdapa,warmińsko-mazurskie,188,"2017-11-25 13:10:00",,,,,0,"2017-11-15 09:00:00"
149200330,Ciężkowice,Biała,małopolskie,237,"2017-11-22 07:10:00",,,0,"2017-09-23 14:06:00",,
152140060,"Kostrzyn n. Odrą",Odra,lubuskie,363,"2017-11-25 13:10:00",,,,,0,"2017-10-12 06:58:00"
153230020,Karpowicze,Brzozówka,podlaskie,221,"2017-11-25 13:10:00",,,,,200,"2017-10-06 14:01:00"
153180020,Fordon,Wisła,kujawsko-pomorskie,344,"2017-11-25 13:10:00",,,,,,
152170060,"Nowa Wieś Podgórna",Warta,wielkopolskie,342,"2017-11-25 13:10:00",6,"2017-11-25 13:10:00",,,,
150200080,Pinczów,Nida,świętokrzyskie,222,"2017-11-25 13:10:00",,,0,"2017-08-30 07:59:00",,
151180080,Sieradz,Warta,łódzkie,269,"2017-11-25 13:10:00",,,,,0,"2017-09-15 08:03:00"
151170060,Bogdaj,"Polska Woda",wielkopolskie,249,"2017-11-25 13:10:00",7.9,"2017-11-25 13:10:00",,,,
152160100,Oborniki,Warta,wielkopolskie,390,"2017-11-25 13:10:00",5.7,"2017-11-25 13:10:00",0,"2017-08-24 13:12:00",0,"2017-08-08 07:00:00"
154150010,Trzebiatów,Rega,zachodniopomorskie,264,"2017-11-25 13:10:00",5.7,"2017-11-25 13:10:00",,,,
151160150,Malczyce,Odra,dolnośląskie,150,"2017-11-25 13:10:00",6.3,"2017-11-25 13:10:00",,,0,"2017-09-27 11:00:00"
149210130,Żarnowa,Wisłok,podkarpackie,202,"2017-11-25 13:00:00",,,0,"2017-10-17 08:13:00",,
150210120,"Mielec 2",Wisłoka,podkarpackie,231,"2017-11-25 13:00:00",,,0,"2017-11-16 11:01:00",,
153180090,Toruń,Wisła,kujawsko-pomorskie,348,"2017-11-25 13:10:00",,,,,,
151220010,Kośmin,Wieprz,lubelskie,233,"2017-11-25 13:10:00",4.34,"2017-11-25 13:11:00",,,,
151160230,Ślęza,Ślęza,dolnośląskie,203,"2017-11-25 13:10:00",6.8,"2017-11-25 13:10:00",,,202,"2017-10-17 10:00:00"
150170180,"Racławice Śląskie",Osobłoga,opolskie,183,"2017-11-25 13:10:00",,,,,,
150220160,Osuchy,Tanew,lubelskie,218,"2017-11-25 13:10:00",,,,,0,"2017-07-11 11:31:00"
154190170,Łozy,Pasłęka,warmińsko-mazurskie,308,"2017-11-25 13:10:00",,,,,100,"2017-09-19 11:00:00"
149180210,Zabrzeg,Wisła,śląskie,234,"2017-11-25 13:00:00",5.12,"2017-11-25 13:00:00",,,,
149220180,Stuposiany,Wołosaty,podkarpackie,177,"2017-11-25 13:10:00",,,,,0,"2017-09-23 11:01:00"
149200100,"Łysa Polana",Białka,małopolskie,168,"2017-11-25 13:10:00",,,,,,
153200040,Tomaryny,Pasłęka,warmińsko-mazurskie,189,"2017-11-25 13:10:00",,,,,,
150230070,Gozdów,Huczwa,lubelskie,165,"2017-11-25 13:10:00",4.4,"2017-11-25 13:10:00",,,,
149220190,Przemyśl,San,podkarpackie,190,"2017-11-25 13:00:00",,,,,,
152200090,Krubice,Utrata,mazowieckie,178,"2017-11-25 13:10:00",,,,,0,"2017-11-20 10:56:00"
154180060,Goręczyno,Radunia,pomorskie,153,"2017-11-25 13:10:00",5.9,"2017-11-25 13:10:00",,,0,"2017-11-10 10:09:00"
153220130,"Strękowa Góra",Narew,podlaskie,326,"2017-11-25 13:10:00",,,0,"2017-11-15 13:57:00",0,"2017-10-05 13:02:00"
151210120,Dęblin,Wisła,lubelskie,238,"2017-11-25 13:10:00",,,,,0,"2017-11-15 09:05:00"
152210060,"Zambski Kościelne",Narew,mazowieckie,340,"2017-11-25 13:00:00",4.23,"2017-11-25 13:00:00",0,"2017-11-09 11:05:00",0,"2017-10-12 12:03:00"
149210010,Ropa,Ropa,małopolskie,165,"2017-11-25 13:10:00",,,0,"2017-11-08 11:58:00",,
152210030,"Maków Mazowiecki",Orzyc,mazowieckie,260,"2017-11-25 13:10:00",,,,,211,"2017-09-14 09:00:00"
154210020,Prosna,Guber,warmińsko-mazurskie,246,"2017-11-25 13:10:00",,,,,0,"2017-11-02 09:10:00"
153220100,Burzyn,Biebrza,podlaskie,344,"2017-11-25 13:10:00",,,,,0,"2017-11-07 06:58:00"
150200150,Karsy,Wisła,małopolskie,264,"2017-11-25 13:10:00",6.57,"2017-11-25 13:10:00",,,0,"2017-09-11 10:57:00"
153190120,Rodzone,Drwęca,warmińsko-mazurskie,297,"2017-11-25 13:10:00",,,,,0,"2017-10-26 11:04:00"
151160220,Kanclerzowice,Sąsiecznica,dolnośląskie,218,"2017-11-25 13:10:00",7.3,"2017-11-25 13:10:00",,,333,"2017-10-10 11:00:00"
151210080,Kazanów,Iłżanka,mazowieckie,178,"2017-11-25 13:10:00",,,,,,
150200100,Popędzynka,Wisła,małopolskie,266,"2017-11-25 13:10:00",,,,,0,"2017-08-28 10:04:00"
153160020,Tychówko,Parsęta,zachodniopomorskie,240,"2017-11-25 13:10:00",,,,,100,"2017-08-17 13:09:00"
152180110,Kościelec,Kiełbaska,wielkopolskie,232,"2017-11-25 13:10:00",,,,,100,"2017-10-17 10:00:00"
152160140,"Poznań Most Rocha",Warta,wielkopolskie,348,"2017-11-25 13:10:00",,,0,"2017-11-15 10:00:00",0,"2017-11-14 11:56:00"
150200010,Mniszek,"Biała Nida",świętokrzyskie,225,"2017-11-25 13:10:00",,,0,"2017-08-18 09:01:00",0,"2017-07-05 13:39:00"
151140050,Ręczyn,Witka,dolnośląskie,211,"2017-11-25 13:10:00",,,,,,
151190100,Sulejów,Pilica,łódzkie,220,"2017-11-25 13:10:00",,,,,0,"2017-10-19 14:12:00"
150190360,Gromiec,Wisła,małopolskie,186,"2017-11-25 13:10:00",,,,,,
152180060,Posoka,Powa,wielkopolskie,187,"2017-11-25 13:10:00",,,,,0,"2017-11-22 11:10:00"
149190270,Radziszów,Skawinka,małopolskie,184,"2017-11-25 13:10:00",,,,,,
150210160,Koprzywnica,Koprzywianka,świętokrzyskie,196,"2017-11-25 13:10:00",,,,,,
152160050,Wronki,Warta,wielkopolskie,365,"2017-11-25 13:10:00",5.8,"2017-11-25 13:10:00",,,,
152150050,Nietków,Odra,lubuskie,272,"2017-11-25 13:10:00",6.3,"2017-11-25 13:10:00",,,,
150210060,Staszów,Czarna,świętokrzyskie,158,"2017-11-25 13:10:00",,,,,,
149200050,"Nowy Targ - Kowaniec",Dunajec,małopolskie,165,"2017-11-25 13:10:00",,,0,"2017-10-11 16:05:00",,
152190030,Włocławek,Wisła,kujawsko-pomorskie,306,"2017-11-25 13:10:00",,,,,0,"2017-08-25 09:12:00"
149180090,"Borki Mizerów",Pszczynka,śląskie,181,"2017-11-25 13:10:00",,,,,,
153160180,Piła,Gwda,wielkopolskie,194,"2017-11-25 13:10:00",5.5,"2017-11-25 13:10:00",,,0,"2017-11-24 09:00:00"
152210020,Piaseczno,Jeziorka,mazowieckie,236,"2017-11-25 13:10:00",,,,,,
149200190,Gołkowice,Dunajec,małopolskie,170,"2017-11-25 13:10:00",,,0,"2017-07-05 09:01:00",,
149220030,Olchowce,San,podkarpackie,176,"2017-11-25 13:10:00",,,,,0,"2017-10-27 09:59:00"
149200150,Tylmanowa,Ochotnica,małopolskie,168,"2017-11-25 13:10:00",,,,,,
150190280,Wąsosz,Pilica,śląskie,194,"2017-11-25 13:10:00",,,,,0,"2017-08-03 12:02:00"
151150130,"Szprotawa 2",Szprotawa,lubuskie,204,"2017-11-25 13:10:00",,,,,0,"2017-10-13 11:00:00"
150180110,"Ruda Kozielska",Ruda,śląskie,171,"2017-11-25 13:10:00",,,0,"2017-11-17 08:00:00",0,"2017-11-17 08:00:00"
149190280,Koniówka,"Czarny Dunajec",małopolskie,140,"2017-11-25 13:10:00",,,0,"2017-09-07 13:59:00",,
149180120,"Górki Wielkie",Brennica,śląskie,169,"2017-11-25 13:10:00",,,0,"2017-09-21 10:00:00",,
151180170,Rogóźno,Widawka,łódzkie,189,"2017-11-25 13:00:00",12.1,"2017-11-25 13:00:00",,,100,"2017-09-14 09:59:00"
150160160,Mietków,Bystrzyca,dolnośląskie,152,"2017-11-25 13:10:00",,,,,0,"2017-09-09 11:00:00"
150190190,Piwoń,Przemsza,śląskie,175,"2017-11-25 13:10:00",,,0,"2017-09-19 10:00:00",101,"2017-09-19 10:00:00"
152220080,Suraż,Narew,podlaskie,257,"2017-11-25 13:10:00",,,,,100,"2017-10-27 11:09:00"
150170060,Nysa,"Nysa Kłodzka",opolskie,167,"2017-11-25 13:10:00",6,"2017-11-25 13:10:00",,,0,"2017-10-24 06:59:00"
153210120,Walery,Rozoga,mazowieckie,226,"2017-11-25 13:10:00",,,,,100,"2017-10-19 12:02:00"
153230010,Fasty,Supraśl,podlaskie,142,"2017-11-25 13:10:00",,,,,100,"2017-10-20 06:02:00"
153220050,"Ełk 2","Jez. Ełckie",warmińsko-mazurskie,195,"2017-11-25 13:10:00",,,,,0,"2017-09-05 09:10:00"
153190090,"Nowe Miasto Lubawskie",Drwęca,warmińsko-mazurskie,319,"2017-11-25 13:10:00",,,,,100,"2017-09-20 15:11:00"
149210100,Zboiska,Jasiołka,podkarpackie,169,"2017-11-25 13:00:00",,,0,"2017-10-06 08:06:00",,
149200280,Zgłobice,Dunajec,małopolskie,153,"2017-11-25 13:00:00",6.3,"2017-11-25 13:00:00",,,,
154200020,Krosno,"Drwęca Warmińska",warmińsko-mazurskie,193,"2017-11-25 13:10:00",,,,,0,"2017-09-20 13:02:00"
153230110,Supraśl,Supraśl,podlaskie,158,"2017-11-25 13:10:00",,,,,221,"2017-09-13 09:12:00"
154180270,"Pruszcz Gdański",Radunia,pomorskie,200,"2017-11-25 13:10:00",4.4,"2017-11-25 13:10:00",0,"2017-09-25 10:00:00",,
152170130,Ląd,Warta,wielkopolskie,302,"2017-11-25 13:10:00",,,,,,
150170150,"Karłowice (Wapienniki)",Stobrawa,opolskie,179,"2017-11-25 13:10:00",,,,,,
149190200,"Sucha Beskidzka",Stryszawka,małopolskie,151,"2017-11-25 13:00:00",5.73,"2017-11-25 13:00:00",,,0,"2017-07-04 11:40:00"
149220130,Zatwarnica,San,podkarpackie,152,"2017-11-25 13:10:00",,,,,,
149190380,"Zakopane Harenda","Cicha Woda",małopolskie,247,"2017-07-02 06:10:00",,,0,"2017-09-08 07:59:00",,
154210060,Przystań,"Jez. Mamry",warmińsko-mazurskie,171,"2017-11-25 13:10:00",,,,,0,"2017-10-24 11:10:00"
149190290,Jordanów,Skawa,małopolskie,175,"2017-11-25 13:10:00",,,,,0,"2017-11-23 12:00:00"
151140060,Zgorzelec,"Nysa Łużycka",dolnośląskie,203,"2017-11-25 13:10:00",6.51,"2017-11-25 13:10:00",0,"2017-09-05 07:59:00",,
150210130,Pustków,Wisłoka,podkarpackie,192,"2017-11-25 13:10:00",,,,,,
152140090,"Biała Góra",Odra,lubuskie,264,"2017-11-25 13:00:00",6.4,"2017-11-25 13:00:00",,,,
151180100,Osjaków,Warta,łódzkie,120,"2017-10-20 06:00:00",11.5,"2017-11-25 13:00:00",,,,
154180020,Miłoszewo,Łeba,pomorskie,210,"2017-11-25 13:10:00",,,,,0,"2017-09-06 10:13:00"
152140050,Słubice,Odra,-,264,"2017-11-25 13:00:00",6.4,"2017-11-25 13:00:00",,,0,"2017-09-18 08:56:00"
153180060,Krąplewice,Wda,kujawsko-pomorskie,180,"2017-11-25 11:10:00",5.2,"2017-11-25 11:10:00",,,,
150170010,Zborowice,Oława,dolnośląskie,148,"2017-11-25 13:10:00",7.2,"2017-11-25 13:10:00",,,,
151160140,Osetno,Barycz,dolnośląskie,285,"2017-11-25 13:10:00",6.7,"2017-11-25 13:10:00",,,,
150160140,Dzierżoniów,Piława,dolnośląskie,152,"2017-11-25 13:10:00",7.36,"2017-11-25 13:10:00",,,,
153220080,Prostki,Ełk,warmińsko-mazurskie,179,"2017-11-25 13:10:00",,,,,200,"2017-10-04 13:07:00"
149180100,Skoczów,Wisła,śląskie,162,"2017-11-25 13:10:00",,,,,,
150190340,"Kraków - Bielany",Wisła,małopolskie,175,"2017-11-25 13:10:00",,,,,,
152220010,Zaliwie-Piegawki,Liwiec,mazowieckie,172,"2017-11-25 13:10:00",,,,,100,"2017-10-27 10:00:00"
154200010,Bornity,Wałsza,warmińsko-mazurskie,261,"2017-11-25 13:10:00",,,,,0,"2017-09-20 13:57:00"
150220060,Gorliczyna,"Mleczka Zachodnia",podkarpackie,179,"2017-11-25 13:10:00",,,,,,
150210150,Koło,Wisła,podkarpackie,226,"2017-11-25 13:10:00",5.68,"2017-11-25 13:10:00",,,,
152230080,Krzyczew,Bug,lubelskie,225,"2017-11-25 13:00:00",,,,,0,"2017-10-12 08:00:00"
150210220,Włochy,Pokrzywianka,świętokrzyskie,160,"2017-11-25 13:10:00",,,,,0,"2017-11-22 14:57:00"
151210190,Puławy,Wisła,lubelskie,243,"2017-11-25 13:10:00",,,,,0,"2017-10-17 14:00:00"
152150100,Bledzew,Obra,lubuskie,249,"2017-11-25 13:10:00",,,,,110,"2017-08-09 12:00:00"
149220040,Dynów,San,podkarpackie,170,"2017-11-25 13:10:00",,,,,,
152150130,Cigacice,Odra,lubuskie,261,"2017-11-25 13:10:00",6.5,"2017-11-25 13:10:00",0,"2017-10-09 09:00:00",0,"2017-09-08 08:00:00"
150190180,Jeleń,Przemsza,śląskie,171,"2017-11-25 13:10:00",7.77,"2017-11-25 13:10:00",,,0,"2017-10-18 09:56:00"
151180050,Dębe,Swędrnia,wielkopolskie,225,"2017-11-25 13:00:00",6.5,"2017-11-25 13:00:00",,,,
151150030,Iłowa,"Czerna Mała",lubuskie,158,"2017-11-25 13:10:00",,,,,,
149200220,"Stary Sącz",Poprad,małopolskie,154,"2017-11-25 13:10:00",,,0,"2017-10-20 11:04:00",,
150180170,Pyskowice,Drama,śląskie,151,"2017-11-25 13:10:00",,,,,,
152150190,"Nowe Drezdenko",Noteć,lubuskie,295,"2017-11-25 13:10:00",,,,,0,"2017-11-14 12:00:00"
151210060,Rogożek,Radomka,mazowieckie,202,"2017-11-25 13:10:00",6.4,"2017-11-25 13:10:00",,,,
150220140,Charytany,Szkło,podkarpackie,181,"2017-11-25 13:10:00",,,,,,
150190260,Smolice,Wisła,małopolskie,167,"2017-11-25 13:10:00",,,0,"2017-09-23 10:01:00",,
151190040,Lutomiersk,Ner,łódzkie,84,"2017-11-25 13:00:00",,,,,0,"2017-10-10 11:00:00"
153220280,Białobrzegi,Netta,podlaskie,170,"2017-11-25 13:10:00",,,,,110,"2017-10-04 09:07:00"
150180020,Turawa,"Mała Panew",opolskie,156,"2017-11-25 13:10:00",,,,,,
149180070,Cieszyn,Młynówka,śląskie,139,"2017-11-25 13:10:00",,,,,0,"2017-10-25 11:00:00"
151210040,"Brody Iłżeckie",Kamienna,świętokrzyskie,152,"2017-11-25 13:10:00",,,0,"2017-11-24 12:57:00",0,"2017-11-22 11:04:00"
153210200,Maldanin,"Jez. Roś",warmińsko-mazurskie,158,"2017-11-25 13:10:00",,,0,"2017-11-15 11:10:00",0,"2017-09-15 06:58:00"
151200120,Białobrzegi,Pilica,mazowieckie,211,"2017-11-25 13:00:00",0,"2017-07-01 06:10:00",0,"2017-07-05 09:31:00",0,"2017-08-09 09:10:00"
150170170,"Branice 2",Młynówka,opolskie,166,"2017-11-25 13:10:00",,,,,0,"2017-10-11 08:00:00"
150210110,Głowaczowa,Grabinianka,podkarpackie,159,"2017-11-25 13:10:00",6.5,"2017-11-25 13:10:00",0,"2017-10-24 11:05:00",,
152230190,Białowieża,Narewka,podlaskie,124,"2017-11-25 13:10:00",4.4,"2017-11-25 13:10:00",,,0,"2017-11-23 13:13:00"
150220030,Nisko,San,podkarpackie,189,"2017-11-25 13:10:00",,,0,"2017-11-22 12:01:00",,
149210050,Krajowice,Wisłoka,podkarpackie,173,"2017-11-25 13:10:00",,,0,"2017-11-02 11:03:00",,
153140090,Goleniów,Ina,zachodniopomorskie,258,"2017-11-25 13:10:00",,,,,0,"2017-09-25 09:11:00"
149220010,Nowosielce,Pielnica,podkarpackie,144,"2017-11-25 13:10:00",,,0,"2017-10-11 13:08:00",,
152229999,Małkinia,Bug,mazowieckie,206,"2017-11-25 13:10:00",4.8,"2017-11-25 13:10:00",0,"2017-09-05 13:00:00",0,"2017-11-15 14:00:00"
150190010,Brynica,Brynica,śląskie,176,"2017-11-25 13:10:00",,,,,,
151190020,Szczerców,Widawka,łódzkie,147,"2017-11-25 13:00:00",0,"2017-11-25 13:00:00",,,,
150170090,"Brzeg (most)",Odra,opolskie,195,"2017-11-25 13:10:00",6,"2017-11-25 13:10:00",,,0,"2017-09-26 07:10:00"
151150040,"Nowogród Bobrzański",Bóbr,lubuskie,173,"2017-11-25 13:10:00",,,,,,
153210220,Dobrylas,Pisa,podlaskie,181,"2017-11-25 13:10:00",,,,,,
151150150,"Nowa Sól",Odra,lubuskie,278,"2017-11-25 13:10:00",6.4,"2017-11-25 13:10:00",,,0,"2017-10-26 10:00:00"
151150120,Szprotawa,Bóbr,lubuskie,,,7,"2017-11-25 13:10:00",,,,
152210100,Czarnowo,Orz,mazowieckie,185,"2017-11-25 13:10:00",,,,,211,"2017-08-23 12:06:00"
153180130,Kwidzyn,Liwa,pomorskie,148,"2017-10-24 06:10:00",5.4,"2017-11-25 13:10:00",,,0,"2017-09-21 09:00:00"
154210090,Giżycko,"Pisa (Kanał Giżycki)",warmińsko-mazurskie,147,"2017-11-25 13:10:00",,,,,0,"2017-08-29 16:05:00"
149220150,Dwernik,San,podkarpackie,131,"2017-11-25 13:00:00",5.1,"2017-11-25 13:00:00",,,,
149200040,"Kasinka Mała",Raba,małopolskie,144,"2017-11-25 13:00:00",,,,,0,"2017-07-06 08:10:00"
149190140,Łękawica,Łękawka,śląskie,113,"2017-11-25 13:00:00",,,,,,
151150090,Łozy,Kwisa,lubuskie,192,"2017-11-25 13:10:00",,,,,,
149200230,Czchów,Dunajec,małopolskie,144,"2017-11-25 13:10:00",,,0,"2017-10-26 12:07:00",,
153210170,Ptaki,Pisa,podlaskie,178,"2017-11-25 13:10:00",,,,,0,"2017-09-01 08:01:00"
151150050,"Dobroszów Wielki",Bóbr,lubuskie,197,"2017-11-25 13:10:00",,,,,0,"2017-10-11 09:00:00"
149190230,"Czernichów - Prom",Wisła,małopolskie,254,"2017-11-25 13:00:00",,,,,0,"2017-10-12 09:00:00"
149210160,Sieniawa,Wisłok,podkarpackie,145,"2017-11-25 13:10:00",,,,,,
150180070,Lenartowice,Kłodnica,opolskie,131,"2017-11-25 13:10:00",,,,,0,"2017-10-30 10:00:00"
151150100,Nowogrodziec,Kwisa,dolnośląskie,229,"2017-11-25 13:10:00",,,,,,
150210020,Szczucin,Wisła,małopolskie,214,"2017-11-25 13:10:00",6.1,"2017-11-25 13:10:00",,,0,"2017-11-15 10:00:00"
151160100,Piątnica,Kaczawa,dolnośląskie,160,"2017-11-25 13:10:00",7.4,"2017-11-25 13:10:00",,,0,"2017-10-24 08:00:00"
152200120,Borkowo,Wkra,mazowieckie,218,"2017-11-25 13:10:00",,,0,"2017-11-12 06:00:00",200,"2017-11-07 09:00:00"
150220040,Sarzyna,Trzebośnica,podkarpackie,154,"2017-11-25 13:10:00",,,0,"2017-11-22 15:09:00",,
149200120,Niedzica,Niedziczanka,małopolskie,133,"2017-11-25 13:10:00",,,0,"2017-11-15 11:00:00",,
150220090,Leżachów,San,podkarpackie,228,"2017-11-25 13:10:00",,,0,"2017-11-23 10:01:00",,
153150010,Stargard,Ina,zachodniopomorskie,200,"2017-11-25 13:10:00",,,,,0,"2017-10-17 10:03:00"
149200030,"Nowy Targ","Czarny Dunajec",małopolskie,130,"2017-11-25 13:10:00",,,,,,
149220050,Zagórz,Osława,podkarpackie,134,"2017-11-25 13:10:00",,,0,"2017-11-03 08:05:00",0,"2017-10-27 11:03:00"
150180210,Niwki,Liswarta,śląskie,147,"2017-11-25 13:10:00",,,,,121,"2017-09-07 08:00:00"
149180300,Olza,Odra,śląskie,151,"2017-11-25 13:10:00",,,0,"2017-11-06 11:00:00",0,"2017-11-06 11:00:00"
150160070,Lubachów,Bystrzyca,dolnośląskie,116,"2017-11-25 13:10:00",6.52,"2017-11-25 13:10:00",,,0,"2017-09-13 10:00:00"
149190020,Kamesznica,Bystra,śląskie,147,"2017-11-25 13:00:00",,,,,,
150170200,Domaradz,Bogacica,opolskie,148,"2017-11-25 13:10:00",,,,,20,"2017-09-13 09:00:00"
152160110,Kowanówko,Wełna,wielkopolskie,176,"2017-11-25 13:10:00",6.5,"2017-11-25 13:10:00",,,,
150200120,Morawica,"Czarna Nida",świętokrzyskie,166,"2017-11-25 13:00:00",,,,,,
151150170,Świerzawa,Kaczawa,dolnośląskie,130,"2017-11-25 13:10:00",7.21,"2017-11-25 13:10:00",0,"2017-10-12 10:00:00",0,"2017-10-12 10:00:00"
151160200,Korzeńsko,Orla,dolnośląskie,253,"2017-11-25 13:10:00",7.31,"2017-11-25 13:10:00",,,201,"2017-11-02 11:00:00"
152230100,Narewka,Narewka,podlaskie,166,"2017-11-25 13:10:00",,,,,110,"2017-10-04 11:02:00"
149220070,Hoczew,Hoczewka,podkarpackie,120,"2017-11-25 13:10:00",,,,,0,"2017-09-22 07:04:00"
150160120,Krasków,Bystrzyca,dolnośląskie,130,"2017-11-25 13:10:00",7.9,"2017-11-25 13:10:00",,,,
153230170,Nowosiółki,Supraśl,podlaskie,141,"2017-11-25 13:10:00",,,,,210,"2017-09-07 08:07:00"
150190130,Łagisza,"Czarna Przemsza",śląskie,140,"2017-11-25 13:10:00",,,0,"2017-11-17 10:00:00",0,"2017-11-17 10:00:00"
154200030,Smolajny,Łyna,warmińsko-mazurskie,238,"2017-11-25 13:10:00",,,,,310,"2017-09-26 09:00:00"
149180130,Istebna,Olza,śląskie,130,"2017-11-25 13:10:00",,,0,"2017-11-22 10:00:00",0,"2017-11-22 10:00:00"
151180160,Poddębice,Ner,łódzkie,162,"2017-11-25 13:00:00",9,"2017-11-25 13:00:00",,,,
150170030,"Oława 2",Oława,dolnośląskie,127,"2017-11-25 13:10:00",7.4,"2017-11-25 13:10:00",,,,
151180060,Kraszewice,Łużyca,wielkopolskie,224,"2017-11-25 08:00:00",,,,,,
151180180,Grabno,Grabia,łódzkie,199,"2017-11-25 13:00:00",7.6,"2017-11-25 13:00:00",,,0,"2017-10-09 09:56:00"
149180080,Drogomyśl,Wisła,śląskie,146,"2017-11-25 13:00:00",,,,,,
149210150,Puławy,Wisłok,podkarpackie,124,"2017-11-25 13:10:00",,,0,"2017-10-11 11:03:00",,
151200100,Bzin,Kamienna,świętokrzyskie,130,"2017-11-25 13:10:00",,,,,,
152210120,Łochów,Liwiec,mazowieckie,168,"2017-11-25 13:10:00",,,0,"2017-09-18 11:05:00",,
152230030,Chraboły,Orlanka,podlaskie,122,"2017-11-25 13:10:00",,,,,,
149200010,Poronin,Poroniec,małopolskie,158,"2017-11-25 13:10:00",,,,,,
151180040,Mirków,Prosna,łódzkie,185,"2017-11-25 13:00:00",6.8,"2017-11-25 13:00:00",,,,
153220060,Ełk,Ełk,warmińsko-mazurskie,206,"2017-11-25 13:10:00",,,,,201,"2017-09-05 10:04:00"
149210080,Jasło,Jasiołka,podkarpackie,145,"2017-11-25 13:10:00",,,0,"2017-08-30 12:01:00",,
150180010,Kamionka,Stradunia,opolskie,120,"2017-11-25 13:10:00",,,0,"2017-11-16 11:10:00",111,"2017-11-16 11:10:00"
150210100,Połaniec,Czarna,świętokrzyskie,147,"2017-11-25 13:10:00",,,,,,
150180130,"Rybnik Stodoły",Ruda,śląskie,101,"2017-11-25 13:10:00",,,,,,
151170090,Namysłów,Widawa,opolskie,145,"2017-11-25 13:10:00",5.4,"2017-11-25 13:10:00",,,,
152150200,Międzychód,Warta,wielkopolskie,319,"2017-11-25 13:10:00",,,,,0,"2017-09-20 12:05:00"
149180030,Łaziska,Olza,śląskie,154,"2017-11-25 13:00:00",,,,,,
150160030,Chwaliszów,Strzegomka,dolnośląskie,129,"2017-11-25 13:10:00",,,,,0,"2017-09-20 09:00:00"
150170050,"Biała Nyska","Biała Głuchołaska",opolskie,112,"2017-11-25 13:10:00",6.7,"2017-11-25 13:10:00",,,0,"2017-11-14 10:56:00"
150190330,Ojców,Prądnik,małopolskie,107,"2017-11-25 13:10:00",,,,,,
151200080,Odrzywół,Drzewiczka,mazowieckie,164,"2017-11-25 13:10:00",6.3,"2017-11-25 13:10:00",,,,
150160020,Świebodzice,Pełcznica,dolnośląskie,113,"2017-11-25 13:10:00",8.6,"2017-11-25 13:10:00",,,0,"2017-10-30 10:00:00"
149190010,Czechowice-Bestwina,Biała,śląskie,119,"2017-11-25 13:10:00",,,0,"2017-09-26 08:00:00",0,"2017-09-26 08:00:00"
154170160,Lębork,Łeba,pomorskie,146,"2017-11-25 13:10:00",,,0,"2017-11-14 11:58:00",0,"2017-10-30 11:04:00"
154220110,"Gołdap 2",Gołdapa,warmińsko-mazurskie,128,"2017-11-25 13:10:00",,,,,0,"2017-11-15 08:06:00"
153190050,Brodnica,Drwęca,kujawsko-pomorskie,264,"2017-11-25 13:10:00",,,,,100,"2017-11-07 11:00:00"
154210010,Sępopol,Łyna,warmińsko-mazurskie,229,"2017-11-25 13:10:00",,,,,,
153160040,Czaplinek,"jez. Drawsko",zachodniopomorskie,138,"2017-11-25 13:10:00",7.4,"2017-11-25 13:10:00",,,,
150210010,Raków,Czarna,świętokrzyskie,128,"2017-11-25 13:10:00",,,,,0,"2017-07-04 10:40:00"
149200290,Muszyna,Poprad,małopolskie,125,"2017-11-25 13:10:00",4.8,"2017-11-25 13:10:00",0,"2017-10-05 08:58:00",,
153200020,Szreńsk,Mławka,mazowieckie,163,"2017-11-25 13:10:00",,,,,100,"2017-11-17 09:08:00"
150200160,Daleszyce,"Czarna Nida",świętokrzyskie,128,"2017-11-25 13:10:00",,,,,,
150190210,"Kuźnica Sulikowska",Mitręga,śląskie,135,"2017-11-25 13:10:00",,,,,,
150200050,Michałów,Mierzawa,świętokrzyskie,114,"2017-11-25 13:10:00",,,,,,
150160110,"Szalejów Dolny","Bystrzyca Dusznicka",dolnośląskie,126,"2017-11-25 13:10:00",,,0,"2017-11-16 12:00:00",100,"2017-11-16 12:00:00"
151150020,Ostróżno,Witka,dolnośląskie,167,"2017-11-25 13:10:00",7,"2017-11-25 13:10:00",0,"2017-11-08 10:00:00",,
149190160,Rudze,Wieprzówka,małopolskie,112,"2017-11-25 13:10:00",,,,,0,"2017-11-15 11:11:00"
150160190,Międzylesie,"Nysa Kłodzka",dolnośląskie,124,"2017-11-25 13:10:00",5.7,"2017-11-25 13:10:00",,,0,"2017-10-17 08:00:00"
150220120,Zakłodzie,Pór,lubelskie,,,,,,,,
150150020,"Mirsk 2","Czarny Potok",dolnośląskie,132,"2017-11-25 13:10:00",,,0,"2017-11-03 07:59:00",,
150160080,Tłumaczów,Ścinawka,dolnośląskie,109,"2017-11-20 10:10:00",6.2,"2017-11-25 13:10:00",,,0,"2017-11-08 10:05:00"
150200040,Tokarnia,"Czarna Nida",świętokrzyskie,130,"2017-11-25 13:10:00",,,,,,
153220200,Rajgród,Jegrznia,podlaskie,173,"2017-11-25 13:10:00",,,,,100,"2017-11-03 14:02:00"
150210040,Rzepin,Świślin,świętokrzyskie,118,"2017-11-25 13:10:00",5.5,"2017-11-25 13:10:00",,,,
152210010,Warszawa,Wisła,mazowieckie,194,"2017-11-25 13:10:00",,,,,,
150210170,Sandomierz,Wisła,świętokrzyskie,224,"2017-11-25 13:10:00",,,,,,
150190060,Bojszowy,Gostynia,śląskie,108,"2017-11-25 13:10:00",8.55,"2017-11-25 13:00:00",,,311,"2017-09-26 08:00:00"
149180110,"Ustroń Obłaziec",Wisła,śląskie,131,"2017-11-25 13:10:00",,,0,"2017-09-04 09:00:00",0,"2017-09-04 09:00:00"
149200020,Szaflary,"Biały Dunajec",małopolskie,95,"2017-11-25 13:10:00",,,0,"2017-11-22 14:56:00",,
149190030,Mikuszowice,Biała,śląskie,116,"2017-11-25 13:10:00",,,0,"2017-09-22 11:05:00",0,"2017-10-04 10:00:00"
150180060,"Racibórz Miedonia",Odra,śląskie,168,"2017-11-25 13:10:00",,,,,,
149180140,Wisła,Wisła,śląskie,122,"2017-11-25 13:10:00",,,,,,
152180150,Dąbie,Ner,wielkopolskie,273,"2017-11-23 13:10:00",,,,,,
152190050,Kwiatkówek,Bzura,łódzkie,128,"2017-11-25 13:10:00",,,,,1,"2017-09-26 09:06:00"
150200140,Borzęcin,Uszwica,małopolskie,123,"2017-11-25 13:10:00",,,,,,
152160090,Kościan,"Kanał Mosiński",wielkopolskie,131,"2017-11-25 13:10:00",,,,,,
152200050,Żuków,Bzura,mazowieckie,257,"2017-11-25 13:10:00",6.78,"2017-11-25 13:10:00",,,,
151160020,Rzymówka,Kaczawa,dolnośląskie,120,"2017-11-25 13:10:00",,,,,0,"2017-08-29 10:00:00"
152200130,Orzechowo,Narew,mazowieckie,255,"2017-11-25 13:10:00",,,,,0,"2017-11-03 12:11:00"
151160050,Dunino,Kaczawa,dolnośląskie,111,"2017-11-25 13:10:00",,,,,,
149190210,"Sucha Beskidzka 2",Skawa,małopolskie,132,"2017-11-25 13:10:00",,,0,"2017-08-22 10:09:00",,
150160090,Łażany,Strzegomka,dolnośląskie,106,"2017-11-25 13:10:00",7.95,"2017-11-25 13:10:00",,,,
153210180,Zaruzie,Ruź,podlaskie,149,"2017-11-25 13:10:00",,,,,111,"2017-11-15 14:01:00"
151150110,"Gryfów Śląski",Kwisa,dolnośląskie,118,"2017-11-25 13:10:00",7.4,"2017-11-25 13:10:00",0,"2017-10-31 07:00:00",,
153200070,Olsztyn,Łyna,warmińsko-mazurskie,87,"2017-11-25 13:10:00",,,,,321,"2017-08-23 08:00:00"
149200060,"Mszana Dolna",Raba,małopolskie,128,"2017-11-25 13:10:00",,,,,,
154170010,Słupsk,Słupia,pomorskie,174,"2017-11-25 13:10:00",5.6,"2017-11-25 13:10:00",,,101,"2017-08-22 16:57:00"
149200480,Łapanów,Stradomka,małopolskie,,,,,,,,
154150050,Białogard,Parsęta,zachodniopomorskie,186,"2017-11-25 13:10:00",6.7,"2017-11-25 13:10:00",,,100,"2017-08-25 09:03:00"
151160130,Ścinawa,Odra,dolnośląskie,171,"2017-11-25 13:10:00",0.76,"2017-09-10 02:00:00",0,"2017-11-23 06:00:00",,
150220050,Harasiuki,Tanew,podkarpackie,127,"2017-11-25 13:10:00",,,0,"2017-11-22 10:56:00",,
151230040,Włodawa,Bug,lubelskie,127,"2017-11-25 13:10:00",,,0,"2017-09-08 10:11:00",0,"2017-10-27 09:00:00"
149200320,"Koszyce Wielkie",Biała,małopolskie,129,"2017-11-25 13:10:00",,,0,"2017-09-23 13:05:00",,
151160190,Jarnołtów,Bystrzyca,dolnośląskie,109,"2017-11-25 13:10:00",7.05,"2017-11-25 13:10:00",,,,
149210030,Klęczany,Ropa,małopolskie,88,"2017-11-25 13:10:00",,,0,"2017-11-23 09:03:00",,
151220100,Sobianowice,Bystrzyca,lubelskie,109,"2017-11-25 13:10:00",6.8,"2017-11-25 13:10:00",,,,
149190300,Kościelisko-Kiry,"Potok Kościeliski",małopolskie,91,"2017-11-25 13:00:00",,,,,,
151190010,Kule,Liswarta,śląskie,152,"2017-11-25 13:10:00",,,,,1,"2017-09-07 09:00:00"
151180150,Widawa,Nieciecz,łódzkie,145,"2017-11-25 13:00:00",,,,,0,"2017-11-02 14:00:00"
152140130,Połęcko,Odra,lubuskie,204,"2017-11-25 13:10:00",,,,,,
149220100,Terka,Solinka,podkarpackie,114,"2017-11-25 13:10:00",,,,,0,"2017-08-17 08:11:00"
149190090,Żabnica,Żabniczanka,śląskie,108,"2017-11-25 13:00:00",,,0,"2017-08-28 12:00:00",,
150170160,"Branice 1",Opawa,opolskie,90,"2017-11-25 13:10:00",,,,,0,"2017-08-18 11:00:00"
150190200,"Lgota Nadwarcie",Warta,śląskie,123,"2017-11-25 13:10:00",,,,,0,"2017-10-13 10:00:00"
150160280,Borów,Ślęza,dolnośląskie,126,"2017-11-25 13:10:00",,,,,,
149190180,Wadowice,Skawa,małopolskie,145,"2017-11-25 13:10:00",,,,,0,"2017-09-20 12:12:00"
150160180,Kłodzko,"Nysa Kłodzka",dolnośląskie,109,"2017-11-25 13:10:00",,,,,100,"2017-11-24 12:00:00"
151180120,Burzenin,Warta,łódzkie,147,"2017-11-25 13:10:00",6.2,"2017-11-25 13:10:00",,,,
149190260,Osielec,Skawa,małopolskie,114,"2017-11-25 13:00:00",,,,,,
153210090,Ostrołęka,Narew,mazowieckie,259,"2017-11-25 13:10:00",,,,,0,"2017-09-22 10:01:00"
150210140,Brzeźnica,Wielopolka,podkarpackie,101,"2017-11-25 13:10:00",,,0,"2017-09-15 11:11:00",,
151170080,"Odolanów 2",Kuroch,wielkopolskie,153,"2017-11-25 13:10:00",,,,,,
153170120,Tuchola,Brda,kujawsko-pomorskie,141,"2017-11-25 13:10:00",6.4,"2017-11-25 13:10:00",,,,
151160160,Rydzyna,"Polski Rów",wielkopolskie,134,"2017-11-25 13:10:00",7.3,"2017-11-25 13:10:00",,,201,"2017-11-07 10:10:00"
153180030,Bożepole,Wierzyca,pomorskie,118,"2017-11-25 13:10:00",8,"2017-11-25 13:10:00",0,"2017-11-24 10:07:00",0,"2017-10-26 09:58:00"
149220080,Cisna,Solinka,podkarpackie,114,"2017-11-25 13:00:00",,,,,,
149200250,"Nowy Sącz",Kamienica,małopolskie,104,"2017-11-25 13:00:00",,,,,,
149200240,"Nowy Sącz",Dunajec,małopolskie,99,"2017-11-25 13:10:00",5.4,"2017-11-25 13:10:00",0,"2017-10-26 08:58:00",,
150200030,Brzegi,Nida,świętokrzyskie,136,"2017-11-25 13:10:00",,,0,"2017-11-16 14:12:00",,
152180140,Grzegorzew,Rgilewka,wielkopolskie,145,"2017-11-25 13:10:00",7.5,"2017-11-25 13:10:00",,,0,"2017-10-17 09:00:00"
150170110,Prudnik,Prudnik,opolskie,88,"2017-11-25 13:10:00",6.7,"2017-11-25 13:10:00",,,,
152170120,Samarzewo,Wrześnica,wielkopolskie,163,"2017-11-25 13:10:00",6.6,"2017-11-25 13:10:00",,,0,"2017-11-22 14:00:00"
151140040,Przewóz,"Nysa Łużycka",lubuskie,150,"2017-11-25 13:10:00",,,,,0,"2017-11-03 10:10:00"
149180240,Goczałkowice,Wisła,śląskie,166,"2017-11-25 13:10:00",,,,,0,"2017-10-05 09:58:00"
153190150,Lidzbark,Wel,warmińsko-mazurskie,108,"2017-11-25 13:10:00",,,,,200,"2017-08-18 10:01:00"
150150120,Bukówka,Bóbr,dolnośląskie,89,"2017-11-25 13:10:00",,,,,200,"2017-07-05 10:36:00"
151180090,Niechmirów,Oleśnica,łódzkie,157,"2017-11-24 14:00:00",0,"2017-11-25 13:00:00",,,,
150200060,Sierosławice,Wisła,małopolskie,197,"2017-11-25 13:10:00",,,,,,
149180020,Chałupki,Odra,śląskie,128,"2017-11-25 13:10:00",,,,,0,"2017-10-12 09:00:00"
151190060,Bobry,Warta,łódzkie,111,"2017-11-25 13:10:00",,,,,,
149190080,Cięcina,Soła,śląskie,125,"2017-11-25 13:00:00",,,0,"2017-08-17 08:10:00",0,"2017-09-21 12:00:00"
151140010,Gubin,"Nysa Łużycka",lubuskie,187,"2017-11-25 13:10:00",7.74,"2017-11-25 13:10:00",,,,
150240020,Kryłów,Bug,lubelskie,140,"2017-11-25 13:10:00",,,,,,
153210210,Nowogród,Narew,podlaskie,246,"2017-11-25 13:10:00",,,,,,
151150160,Zagrodno,Skora,dolnośląskie,98,"2017-11-25 13:10:00",,,,,100,"2017-10-12 08:00:00"
149180200,"Wisła Czarne","Czarna Wisełka",śląskie,91,"2017-11-25 13:10:00",,,,,,
150150080,"Jelenia Góra",Bóbr,dolnośląskie,108,"2017-11-25 13:10:00",6.91,"2017-11-25 13:10:00",,,,
152160120,Ryczywół,Flinta,wielkopolskie,130,"2017-11-25 13:10:00",,,,,,
151160080,Rzeszotary,"Czarna Woda",dolnośląskie,160,"2017-11-25 13:10:00",7.7,"2017-11-25 13:10:00",,,,
151170040,Łąki,Barycz,dolnośląskie,236,"2017-11-25 13:10:00",,,,,1,"2017-07-06 11:33:00"
151180020,Piwonice,Prosna,wielkopolskie,130,"2017-11-25 13:00:00",0,"2017-11-25 13:00:00",,,1,"2017-07-11 09:32:00"
149190150,"Pewel Mała",Koszarawa,śląskie,114,"2017-11-25 13:00:00",,,,,,
152220050,Frankopol,Bug,podlaskie,144,"2017-11-25 13:10:00",,,,,0,"2017-11-10 13:00:00"
149200080,"Mszana Dolna",Mszanka,małopolskie,90,"2017-11-25 13:10:00",,,0,"2017-09-21 15:00:00",0,"2017-11-08 11:02:00"
149190040,Ujsoły,"Woda Ujsolska",śląskie,101,"2017-11-25 13:10:00",,,,,,
150160210,Wilkanów,Wilczka,dolnośląskie,90,"2017-11-25 13:10:00",5.3,"2017-11-25 13:10:00",,,0,"2017-11-13 10:00:00"
150180220,Gliwice,Kłodnica,śląskie,98,"2017-11-25 13:10:00",,,,,,
151180070,"Gorzów Śląski",Prosna,opolskie,99,"2017-11-25 13:00:00",10.03,"2017-11-25 13:00:00",,,,
149180010,Krzyżanowice,Odra,śląskie,139,"2017-11-25 13:10:00",,,,,,
150210090,Kunów,Kamienna,świętokrzyskie,99,"2017-11-25 13:10:00",,,,,,
151190030,Łask,Grabia,łódzkie,160,"2017-11-25 13:00:00",0,"2017-11-25 13:00:00",,,,
150150100,Wojanów,Bóbr,dolnośląskie,95,"2017-11-25 13:10:00",6.4,"2017-11-25 13:10:00",0,"2017-10-19 08:10:00",,
151150140,"Dąbrowa Bolesławiecka",Bóbr,dolnośląskie,145,"2017-11-25 13:10:00",40.3,"2017-10-06 08:10:00",,,0,"2017-09-29 09:00:00"
151160180,Bogdaszowice,Strzegomka,dolnośląskie,94,"2017-11-25 13:10:00",7.9,"2017-11-25 13:10:00",,,,
153200030,Kalisty,Pasłęka,warmińsko-mazurskie,105,"2017-11-25 13:10:00",,,,,,
152230090,Narew,Narew,podlaskie,148,"2017-11-25 13:10:00",,,,,,
152150240,Drawiny,Drawa,wielkopolskie,123,"2017-11-25 13:10:00",6,"2017-11-25 13:10:00",,,0,"2017-09-13 10:04:00"
152160010,Krzyż,Noteć,wielkopolskie,234,"2017-11-25 13:10:00",,,,,100,"2017-07-05 09:12:00"
153210070,"Białobrzeg Bliższy",Omulew,mazowieckie,156,"2017-11-25 13:10:00",,,,,,
149190340,"Rabka 2",Raba,małopolskie,86,"2017-11-25 13:10:00",,,,,0,"2017-11-02 10:10:00"
149220200,Krówniki,Wiar,podkarpackie,86,"2017-11-25 13:10:00",,,,,,
150220110,Biłgoraj,"Biała Łada",lubelskie,78,"2017-11-25 13:10:00",,,0,"2017-11-22 10:02:00",,
149190370,Lubień,Lubieńka,małopolskie,79,"2017-11-25 13:10:00",,,,,0,"2017-11-23 11:10:00"
150160220,"Bardo Śląskie","Nysa Kłodzka",dolnośląskie,92,"2017-11-25 13:10:00",,,,,0,"2017-11-24 11:00:00"
152150090,Santok,Noteć,lubuskie,265,"2017-11-25 13:10:00",,,,,0,"2017-10-23 06:00:00"
150170080,Jarnołtówek,"Złoty Potok",opolskie,75,"2017-11-25 13:10:00",,,0,"2017-08-08 12:00:00",0,"2017-08-08 12:00:00"
150150130,Błażkowa,Bóbr,dolnośląskie,91,"2017-11-25 13:10:00",,,,,100,"2017-10-02 09:05:00"
154190110,"Nowe Sadłuki",Bauda,warmińsko-mazurskie,194,"2017-11-25 13:10:00",8.9,"2017-11-25 13:10:00",,,100,"2017-09-20 10:05:00"
149220020,Szczawne,Osława,podkarpackie,87,"2017-11-25 13:10:00",,,,,,
150170220,Dobra,Biała,opolskie,79,"2017-11-25 13:10:00",7.1,"2017-11-25 13:10:00",,,,
151170010,Krzyżanowice,Widawa,dolnośląskie,139,"2017-11-25 13:10:00",7.4,"2017-11-25 13:10:00",,,,
153230080,Sochonie,Czarna,podlaskie,76,"2017-11-25 13:10:00",,,,,110,"2017-09-21 13:00:00"
150190140,"Bieruń Nowy",Wisła,śląskie,133,"2017-11-25 13:00:00",5.69,"2017-11-25 13:00:00",,,,
151230060,Dorohusk,Bug,lubelskie,122,"2017-11-25 13:10:00",,,,,0,"2017-10-25 09:00:00"
149180180,"Wisła Czarne","Biała Wisełka",śląskie,75,"2017-11-25 13:10:00",,,,,,
154160020,Białogórzyno,Radew,zachodniopomorskie,96,"2017-11-25 13:10:00",,,,,100,"2017-08-17 10:06:00"
149200270,Łabowa,Kamienic,małopolskie,74,"2017-11-25 13:00:00",,,,,,
151150070,Żagań,"Czerna Wielka",lubuskie,115,"2017-11-25 13:00:00",6.93,"2017-11-25 13:00:00",0,"2017-11-23 12:03:00",0,"2017-10-09 10:00:00"
150150190,Podgórzyn,Podgórna,dolnośląskie,86,"2017-11-25 13:10:00",6,"2017-11-25 13:10:00",,,,
153180140,Elgiszewo,Drwęca,kujawsko-pomorskie,209,"2017-11-25 13:10:00",,,,,200,"2017-08-11 12:00:00"
151180010,Ołobok,Ołobok,wielkopolskie,130,"2017-11-25 13:00:00",9.4,"2017-11-25 13:00:00",,,0,"2017-10-31 10:01:00"
153230070,Sztabin,Biebrza,podlaskie,148,"2017-11-25 13:10:00",,,,,,
152210070,"Wólka Mlądzka",Świder,mazowieckie,106,"2017-11-25 13:10:00",,,0,"2017-08-10 10:00:00",0,"2017-10-27 13:10:00"
150210070,Wampierzów,Bren,podkarpackie,112,"2017-11-25 13:10:00",,,,,0,"2017-09-11 13:12:00"
153190130,"Kuligi (Nowe Miasto)",Wel,warmińsko-mazurskie,142,"2017-11-25 13:10:00",,,,,201,"2017-09-12 12:11:00"
150150050,Piechowice,Kamienna,dolnośląskie,100,"2017-11-25 13:10:00",,,0,"2017-11-06 11:00:00",,
150160200,Żelazno,"Biała Lądecka",dolnośląskie,54,"2017-11-25 13:10:00",6,"2017-11-25 13:10:00",,,100,"2017-09-29 08:10:00"
149180160,"Wisła Czarne",Wisła,śląskie,78,"2017-11-25 13:10:00",,,,,,
153160300,Wielimie,"jez. Wielimskie",zachodniopomorskie,113,"2017-11-25 13:10:00",,,,,,
150190120,Przeczyce,"Czarna Przemsza",śląskie,67,"2017-11-25 13:10:00",,,,,,
149190220,"Skawica Dolna",Skawica,małopolskie,92,"2017-11-25 13:10:00",,,,,,
149190390,Ludźmierz,"Wielki Rogoźnik",małopolskie,80,"2017-11-25 13:10:00",,,0,"2017-11-20 13:59:00",,
150220010,Rzeszów,Wisłok,podkarpackie,98,"2017-11-25 13:10:00",,,0,"2017-08-18 07:57:00",,
150160010,"Kamienna Góra",Bóbr,dolnośląskie,76,"2017-11-25 13:10:00",5.5,"2017-11-25 13:10:00",0,"2017-11-16 08:08:00",100,"2017-10-02 10:05:00"
150220130,Zapałów,Lubaczówka,podkarpackie,100,"2017-11-25 13:10:00",,,0,"2017-11-21 15:00:00",1,"2017-08-23 08:00:00"
149220210,Nienowice,Wisznia,podkarpackie,111,"2017-11-25 13:10:00",,,0,"2017-11-15 12:06:00",,
150150070,"Jelenia Góra 2",Kamienna,dolnośląskie,87,"2017-11-25 13:10:00",,,0,"2017-09-15 12:00:00",,
154180080,Wejherowo,Reda,pomorskie,87,"2017-11-25 13:10:00",,,,,0,"2017-09-27 09:59:00"
150140020,Sieniawka,"Nysa Łużycka",dolnośląskie,96,"2017-11-25 13:10:00",6.87,"2017-11-25 13:10:00",0,"2017-10-31 09:05:00",100,"2017-09-04 10:09:00"
149200200,Jakubkowice,Łososina,małopolskie,86,"2017-11-25 13:10:00",5.8,"2017-11-25 13:10:00",0,"2017-10-03 08:00:00",,
150170100,Kopice,"Nysa Kłodzka",opolskie,89,"2017-11-25 13:10:00",,,,,,
149210060,Topoliny,Ropa,podkarpackie,76,"2017-11-25 13:10:00",,,0,"2017-09-21 08:57:00",,
150190150,Poraj,Warta,śląskie,122,"2017-11-25 13:10:00",,,,,,
151210050,Gusin,Wiała,mazowieckie,128,"2017-11-25 13:10:00",5.8,"2017-11-25 13:10:00",,,0,"2017-11-03 11:07:00"
153140200,Morzyczyn,jez.Miedwie,zachodniopomorskie,98,"2017-11-25 13:10:00",,,,,,
153180010,"Czarna Woda",Wda,pomorskie,92,"2017-11-25 13:10:00",,,,,,
150230080,Michałów,Wieprz,lubelskie,56,"2017-11-25 13:10:00",,,,,,
150180040,Bojanów,Psina,śląskie,60,"2017-11-25 13:10:00",,,,,302,"2017-09-15 10:12:00"
154220050,Jurkiszki,Jarka,warmińsko-mazurskie,91,"2017-11-25 13:10:00",5.3,"2017-11-25 13:10:00",,,100,"2017-10-11 09:01:00"
151210090,Czekarzewice,Kamienna,świętokrzyskie,72,"2017-11-25 13:10:00",,,,,,
150160230,"Lądek Zdrój","Biała Lądecka",dolnośląskie,53,"2017-11-25 13:10:00",,,0,"2017-11-09 11:00:00",0,"2017-11-09 11:00:00"
150140100,Bogatynia,Miedzianka,dolnośląskie,62,"2017-11-25 13:10:00",7.6,"2017-11-25 13:10:00",0,"2017-11-20 11:00:00",,
149200130,Stradomka,Stradomka,małopolskie,76,"2017-11-25 13:10:00",,,0,"2017-08-10 08:11:00",0,"2017-11-08 10:00:00"
150180100,"Staniszcze Wielkie","Mała Panew",opolskie,93,"2017-11-25 13:10:00",6.3,"2017-11-25 13:10:00",0,"2017-07-10 07:40:00",0,"2017-07-10 07:40:00"
151200090,"Nowe Miasto/Pilicą",Pilica,mazowieckie,110,"2017-11-25 13:10:00",,,,,0,"2017-08-24 09:00:00"
151150180,Chojnów,Skora,dolnośląskie,31,"2017-11-21 09:10:00",,,,,,
152220070,Brańsk,Nurzec,podlaskie,93,"2017-11-25 13:10:00",,,,,100,"2017-11-10 10:00:00"
151210020,"Michałów 2",Kamienna,świętokrzyskie,66,"2017-11-25 13:10:00",,,,,0,"2017-10-26 10:57:00"
154170080,Łupawa,Łupawa,pomorskie,64,"2017-11-25 13:10:00",,,,,0,"2017-10-20 10:10:00"
150190080,Radocha,"Czarna Przemsza",śląskie,60,"2017-11-25 13:10:00",6.52,"2017-11-25 13:10:00",,,0,"2017-10-31 12:00:00"
149190170,Zator,Skawa,małopolskie,103,"2017-11-25 13:10:00",,,,,0,"2017-08-08 11:00:00"
153170040,Wyrzysk,Łobżonka,wielkopolskie,110,"2017-11-25 13:10:00",5.6,"2017-11-25 13:10:00",,,0,"2017-08-25 10:00:00"
150170070,Głuchołazy,"Biała Głuchołaska",opolskie,45,"2017-11-25 13:10:00",6.2,"2017-11-25 13:10:00",0,"2017-10-24 09:00:00",1,"2017-10-24 09:00:00"
150220100,Jarosław,San,podkarpackie,113,"2017-11-25 13:10:00",,,0,"2017-11-21 13:56:00",0,"2017-09-09 08:05:00"
154160120,Korzybie,Wieprza,pomorskie,91,"2017-11-25 13:10:00",,,,,0,"2017-11-17 09:01:00"
150160100,Gorzuchów,Ścinawka,dolnośląskie,66,"2017-11-25 13:10:00",,,,,0,"2017-09-21 11:00:00"
150160150,"Bystrzyca Kłodzka 2",Bystrzyca,dolnośląskie,30,"2017-11-25 13:10:00",,,,,0,"2017-08-21 09:00:00"
151150060,Leśna,Kwisa,dolnośląskie,57,"2017-11-25 13:10:00",,,,,100,"2017-09-12 10:06:00"
150180050,Ozimek,"Mała Panew",opolskie,83,"2017-11-25 13:10:00",6.3,"2017-11-25 13:10:00",,,,
151160070,Winnica,"Nysa Szalona",dolnośląskie,40,"2017-11-25 13:10:00",,,,,101,"2017-08-31 12:00:00"
150160290,Gniechowice,"Czarna Woda",dolnośląskie,92,"2017-11-25 13:10:00",7.1,"2017-11-25 13:10:00",,,,
152170150,Trąbczyn,Bawół,wielkopolskie,126,"2017-11-25 13:10:00",,,,,0,"2017-09-20 10:00:00"
149200370,Brzesko-Okocim,Uszwica,-,,,,,,,,
149190360,Ludźmierz,Lepietnica,małopolskie,43,"2017-11-25 13:10:00",,,0,"2017-09-07 09:01:00",,
151170110,Bogusław,Prosna,wielkopolskie,161,"2017-11-22 06:00:00",6.4,"2017-11-25 13:00:00",,,0,"2017-09-19 10:02:00"
153180150,Rogóźno,Osa,kujawsko-pomorskie,173,"2017-11-25 13:10:00",5.7,"2017-11-25 13:10:00",,,,
149190310,Stróża,Raba,małopolskie,55,"2017-11-25 13:10:00",,,,,,
150170140,Skorogoszcz,"Nysa Kłodzka",opolskie,80,"2017-11-25 13:10:00",6.3,"2017-11-25 13:10:00",0,"2017-10-16 10:00:00",0,"2017-10-16 10:00:00"
151160040,Bukowna,"Czarna Woda",dolnośląskie,92,"2017-11-25 13:10:00",7.9,"2017-11-25 13:10:00",,,1,"2017-10-12 11:00:00"
151180030,"Kuźnica Skakawska",Niesób,łódzkie,65,"2017-11-25 13:00:00",7.6,"2017-11-25 13:00:00",,,,
150160250,Białobrzezie,Ślęza,dolnośląskie,52,"2017-11-25 13:10:00",6.9,"2017-11-25 13:10:00",,,213,"2017-08-31 09:56:00"
154170060,Smołdzino,Łupawa,pomorskie,66,"2017-11-25 13:10:00",,,,,,
154170120,Soszyca,Słupia,pomorskie,50,"2017-11-25 13:10:00",,,,,100,"2017-10-09 11:03:00"
149210070,Żółków,Wisłoka,podkarpackie,87,"2017-11-25 13:10:00",,,,,,
150220020,"Ruda Jastkowska",Bukowa,podkarpackie,66,"2017-11-25 13:10:00",,,0,"2017-11-22 11:56:00",,
151180110,Uniejów,Warta,łódzkie,120,"2017-11-25 13:10:00",5.4,"2017-11-25 13:10:00",,,0,"2017-09-15 10:09:00"
150160130,Mościsko,Piława,dolnośląskie,35,"2017-11-25 13:10:00",,,,,100,"2017-09-07 09:06:00"
149200510,Brzesko-Miasto,Uszwica,-,,,,,,,,
150180270,"Kozłowa Góra",Brynica,śląskie,73,"2017-11-25 13:10:00",,,0,"2017-10-23 10:00:00",0,"2017-10-23 10:00:00"
150180080,Grabówka,Bierawka,opolskie,53,"2017-11-25 13:10:00",,,,,,
150180180,Gliwice-Łabędy,Kłodnica,śląskie,138,"2017-11-25 13:10:00",,,0,"2017-10-31 10:10:00",0,"2017-10-31 10:10:00"
151180140,Podgórze,Widawka,łódzkie,96,"2017-11-25 13:00:00",9,"2017-11-25 13:00:00",,,0,"2017-09-27 11:00:00"
150180190,"Krupski Młyn","Mała Panew",śląskie,64,"2017-11-25 13:10:00",,,,,,
151200020,Spała,Pilica,łódzkie,116,"2017-11-25 13:10:00",5.9,"2017-11-25 13:10:00",,,0,"2017-10-30 09:57:00"
150190070,Szabelnia,-,śląskie,34,"2017-11-25 13:10:00",,,0,"2017-10-30 08:00:00",0,"2017-10-30 08:00:00"
152160130,Mosin,"Kanał Mosiński",wielkopolskie,131,"2017-11-25 13:10:00",,,,,,
149180060,Cieszyn,Olza,śląskie,44,"2017-11-25 13:10:00",,,0,"2017-09-25 09:00:00",0,"2017-10-25 10:57:00"
150150040,Barcinek,Kamienica,dolnośląskie,44,"2017-11-25 13:10:00",7.8,"2017-11-25 13:10:00",0,"2017-10-05 06:05:00",,
150150110,Kowary,Jedlica,dolnośląskie,30,"2017-11-25 13:10:00",,,0,"2017-11-09 10:00:00",,
151210010,Wąchock,Kamienna,świętokrzyskie,60,"2017-11-25 13:10:00",,,0,"2017-11-23 11:11:00",0,"2017-09-29 12:03:00"
150230010,Nielisz,Wieprz,lubelskie,53,"2017-11-25 13:10:00",,,,,,
150190240,Kręciwilk,Warta,śląskie,32,"2017-11-25 13:10:00",,,0,"2017-08-21 09:00:00",102,"2017-08-21 09:00:00"
150150060,Pilchowice,Bóbr,dolnośląskie,38,"2017-11-25 13:10:00",,,,,100,"2017-09-12 07:05:00"
151170070,Odolanów,Barycz,wielkopolskie,90,"2017-11-25 13:10:00",,,,,100,"2017-10-30 09:00:00"
150160060,Jugowice,Bystrzyca,dolnośląskie,34,"2017-11-25 13:10:00",6.4,"2017-11-25 13:10:00",,,0,"2017-09-11 11:00:00"
150150030,Jakuszyce,Kamienna,dolnośląskie,2,"2017-11-21 09:00:00",4.51,"2017-11-25 13:10:00",0,"2017-09-22 09:00:00",0,"2017-09-06 11:00:00"
151160090,Jawor,"Nysa Szalona",dolnośląskie,29,"2017-11-25 13:10:00",,,,,0,"2017-11-23 12:00:00"
150160170,"Bystrzyca Kłodzka","Nysa Kłodzka",dolnośląskie,34,"2017-11-25 13:10:00",,,,,0,"2017-11-08 11:10:00"
150150200,Sosnówka,Sośniak,dolnośląskie,6,"2017-11-25 13:10:00",,,,,,
149200360,"Lipnica Murowana",-,-,,,,,,,,
154190140,Braniewo,Pasłęka,warmińsko-mazurskie,,,,,,,101,"2017-08-22 09:07:00"
151160170,"Brzeg Dolny",Odra,dolnośląskie,,,6.2,"2017-11-25 13:10:00",,,,
151140020,Pleśno,Lubsza,lubuskie,98,"2017-11-25 13:10:00",8,"2017-11-25 13:10:00",,,0,"2017-11-07 10:02:00"
153220010,Piątnica-Łomża,Narew,podlaskie,354,"2017-11-25 13:10:00",3.6,"2017-11-25 13:10:00",,,0,"2017-11-13 11:08:00"
